published_at,headline,source
2020-01-01,Market update on 2020-01-01,stub_source
2020-01-02,Market update on 2020-01-02,stub_source
2020-01-03,Market update on 2020-01-03,stub_source
2020-01-06,Market update on 2020-01-06,stub_source
2020-01-07,Market update on 2020-01-07,stub_source
2020-01-08,Market update on 2020-01-08,stub_source
2020-01-09,Market update on 2020-01-09,stub_source
2020-01-10,Market update on 2020-01-10,stub_source
2020-01-13,Market update on 2020-01-13,stub_source
2020-01-14,Market update on 2020-01-14,stub_source
2020-01-15,Market update on 2020-01-15,stub_source
2020-01-16,Market update on 2020-01-16,stub_source
2020-01-17,Market update on 2020-01-17,stub_source
2020-01-20,Market update on 2020-01-20,stub_source
2020-01-21,Market update on 2020-01-21,stub_source
2020-01-22,Market update on 2020-01-22,stub_source
2020-01-23,Market update on 2020-01-23,stub_source
2020-01-24,Market update on 2020-01-24,stub_source
2020-01-27,Market update on 2020-01-27,stub_source
2020-01-28,Market update on 2020-01-28,stub_source
2020-01-29,Market update on 2020-01-29,stub_source
2020-01-30,Market update on 2020-01-30,stub_source
2020-01-31,Market update on 2020-01-31,stub_source
2020-02-03,Market update on 2020-02-03,stub_source
2020-02-04,Market update on 2020-02-04,stub_source
2020-02-05,Market update on 2020-02-05,stub_source
2020-02-06,Market update on 2020-02-06,stub_source
2020-02-07,Market update on 2020-02-07,stub_source
2020-02-10,Market update on 2020-02-10,stub_source
2020-02-11,Market update on 2020-02-11,stub_source
2020-02-12,Market update on 2020-02-12,stub_source
2020-02-13,Market update on 2020-02-13,stub_source
2020-02-14,Market update on 2020-02-14,stub_source
2020-02-17,Market update on 2020-02-17,stub_source
2020-02-18,Market update on 2020-02-18,stub_source
2020-02-19,Market update on 2020-02-19,stub_source
2020-02-20,Market update on 2020-02-20,stub_source
2020-02-21,Market update on 2020-02-21,stub_source
2020-02-24,Market update on 2020-02-24,stub_source
2020-02-25,Market update on 2020-02-25,stub_source
2020-02-26,Market update on 2020-02-26,stub_source
2020-02-27,Market update on 2020-02-27,stub_source
2020-02-28,Market update on 2020-02-28,stub_source
2020-03-02,Market update on 2020-03-02,stub_source
2020-03-03,Market update on 2020-03-03,stub_source
2020-03-04,Market update on 2020-03-04,stub_source
2020-03-05,Market update on 2020-03-05,stub_source
2020-03-06,Market update on 2020-03-06,stub_source
2020-03-09,Market update on 2020-03-09,stub_source
2020-03-10,Market update on 2020-03-10,stub_source
2020-03-11,Market update on 2020-03-11,stub_source
2020-03-12,Market update on 2020-03-12,stub_source
2020-03-13,Market update on 2020-03-13,stub_source
2020-03-16,Market update on 2020-03-16,stub_source
2020-03-17,Market update on 2020-03-17,stub_source
2020-03-18,Market update on 2020-03-18,stub_source
2020-03-19,Market update on 2020-03-19,stub_source
2020-03-20,Market update on 2020-03-20,stub_source
2020-03-23,Market update on 2020-03-23,stub_source
2020-03-24,Market update on 2020-03-24,stub_source
2020-03-25,Market update on 2020-03-25,stub_source
2020-03-26,Market update on 2020-03-26,stub_source
2020-03-27,Market update on 2020-03-27,stub_source
2020-03-30,Market update on 2020-03-30,stub_source
2020-03-31,Market update on 2020-03-31,stub_source
